"","id","sequence","Blast.Top.Hit.Description..HSP.","Blast.Top.Hit.E.Value","Blast.Top.Hit.Similarity","Blast.Top.Hit.Gene.Identifier","Blast.Top.Hit.Accession","Annotation.GO.Term","Annotation.GO.ID","Enzyme.Code","InterPro.GO.Term","InterPro.Accession","InterPro.Name","InterPro.GO.Category"
"1","Peve_00001859","MFIMNKFKKIYKELLENPERKIVFDFCEHIRQELSSGHIAYLSACFKNITDALTELNPDTSTLDQLFGLDFHLIIPFKALTLDALCENTLTGKTKLFEMLPVLIQAIIILSDKRTTLPLRLDILKLTNLILEDLDQPKEHPNFTVEEIENRMEDMLVSAGDFEFQAAFVELVFRLIPCDIRQAKAKEYFRIDSVSQAFSDILNEEFEAGCRNFINTLNQNHQSVMPLPCYSATFGTSEVHKPVDSGIIDFWVDFNFGSQCISLVIQETPHSQDNEKEGGGSWEIVVIKGDNVEDYRLAEIKNDEVALLLKLNVPAADLVCFLPRNPSQYIKISFNVDYILFLTDALAKIFGRPAKRVQNSGGESDTSSTPNKASVAINPVRIRSKKTEVTHVMPTASIILQLSESTTDHEEENVRLQKRPSGRISGDNEKPERNSTDNRPVNDVTSDNDEAEHEAGDTLNDDHSVNEDEPLKGPNQDESLAGSKDENNDAWKQRLEPTVRRDESEKRPKQAESLAANEEENKDVETTERRKPSTVPVKRISERMRSRDNLQSVQHSSEEDNKKDSMRRKSLPSAFNVSGRLAASKQKTVPTKTLSEAAKSRRAIREKVFAKARRSPTHIEKVMEVKYGNSKLHMMSPARLRDPRSGKRRKRTLKALPIKGYKQRKVQKSFSSDVSSCNQGDASGKDNEDIREKCADVIQDSLPIADSTEDESGPKHQDMTGGNKGSLVKEDKSRATRQRINVDIAVSSKNSKAANTPTGKLPEGRNAESKRIPTKRRPTRMERKQNDTLPMAQAQDTESGDQNEPALTDVKRRTTDQRRSQGVKRKYQKQKETRHLVVVDSDSNSEDNPKIRNEKVSREVDKNSTNKRSSQRKRKDLPKDAAEANISEIDDKNEDHNELVWRGDSGSDEVTECYGETECYVEDASPLINSSPVAQTVSRRRRQSLLSGDSPTGDVGLCISAKKPVPKKKRPLTKADIVMMRSFTTPLSTREIELQMEGSPQAQPSDVESVSSEEEDIPLKRAKIAPNLKTPTELSQQTDFSYTAEQRYDKEDDTGEESDSVHSDPELEYDFNLDSKPYGKTSHKKQGKSLTGPGSGGSNAAKRSMILHDSGSIGETPFGEERHKRSKQPRKRTRKPLQVSIAKTPITPKSDQEEPTEDDSANAETDEESVSPDLKPAMTEMLRGKRKFVDWSTSGPSTSRAPTGTRTSRTEGWYAETVHVRSQHFGKPRKLSYNDEPYDVDETDEVVNERSADFRRDIQSLVNLAGGKVTQANRKAGQVIKSYAQRVNELMSSTFDTFWNEQQVASHSAIKKYKRQLVDQIKGLETDLEKTASTVREMESTFLKHCKVLKNQRQVEEKRFRRIQQLQELMEAELTMMEQKRNKEKATLQAELEKETVRFQKKFLQETRKQKEDQLKMILNIMRIP*","unnamed protein product [Porites evermanni]",0,"100.00%",NA,"CAH3019226","","","","","noIPRnoIPRnoIPRIPR040560noIPRIPR024835","Toll/interleukin-1 receptor homology (TIR) domain superfamilyToll/interleukin-1 receptor homology (TIR) domain superfamilyToll/interleukin-1 receptor homology (TIR) domain superfamilySynaptonemal complex protein 2, Spt16M-like domainSynaptonemal complex protein 2, Spt16M-like domainSynaptonemal complex protein 2-like",""
"2","Peve_00002516","MPEGPELYKNAQMVNRVCKGLVFSGKIVKSAVSTKNPDVTFPAREFSIHAESRGKEMALVLTSLASECKSKVIKQENGWGKERMRILFRFGMSGKFTFGPVKDIHKHAHLNFYTKDKPLMVLSFVDVRRFGRWELTDEWSKNRGPDPMFEYKEFRSNILDSLEDKIFDKPLCEVMHNQKYFNGIGNYLRAEIIFRSGIPPFTCARSALEKLRIKQENDVSEIHNHKKVKHENCLDILELCNLVPKEVINLPGKGYDPSGNHSDYSGFTKWLQCYYNSEMRNLVDHDGRTMWFKGEAGPMVPKEAKSRGMQKSRKRKRKEDSGEQDNDTNIKVEQSSPKKKKTKAAPVKTKKKENSKKKVIKKQCKTKTPVSKKEPVRRSLRIKRARERDGS*","unnamed protein product [Porites evermanni]",3.5e-262,"100.00%",NA,"CAH3157497","DNA-(apurinic or apyrimidinic site) endonuclease activityprotein bindingnucleoplasmchromosomecytoplasmmicrotubule organizing centerDNA repairresponse to oxidative stressnegative regulation of macromolecule metabolic processhydrolase activitylyase activityDNA N-glycosylase activitynucleobase-containing small molecule biosynthetic processdepyrimidinationnegative regulation of nucleobase-containing compound metabolic processnegative regulation of hydrolase activitynucleobase-containing small molecule metabolic processcatalytic activity, acting on DNAcarbohydrate derivative metabolic process","GO:0003906GO:0005515GO:0005654GO:0005694GO:0005737GO:0005815GO:0006281GO:0006979GO:0010605GO:0016787GO:0016829GO:0019104GO:0034404GO:0045008GO:0045934GO:0051346GO:0055086GO:0140097GO:1901135","EC:3.2.2EC:3.2EC:4.2.99.18EC:3EC:4EC:3.2.2EC:3.2EC:4.2.99.18EC:3EC:4EC:3.2.2","zinc ion binding/DNA-(apurinic or apyrimidinic site) endonuclease activity/base-excision repair/DNA N-glycosylase activityzinc ion binding/DNA-(apurinic or apyrimidinic site) endonuclease activity/base-excision repair/DNA N-glycosylase activityDNA-(apurinic or apyrimidinic site) endonuclease activity/nucleus/base-excision repair/DNA N-glycosylase activityzinc ion binding/DNA-(apurinic or apyrimidinic site) endonuclease activity/base-excision repair/DNA N-glycosylase activitynucleic acid binding","noIPRIPR012319IPR012319noIPRIPR035937IPR015371noIPRnoIPRIPR012319IPR035937noIPRIPR010979","Ankyrin repeat-containing domain superfamilyFormamidopyrimidine-DNA glycosylase, catalytic domainFormamidopyrimidine-DNA glycosylase, catalytic domainFormamidopyrimidine-DNA glycosylase, catalytic domainMutM-like, N-terminalEndonuclease VIII-like 1, DNA bindingEndonuclease VIII-like 1, DNA bindingEndonuclease VIII-like 1, DNA bindingFormamidopyrimidine-DNA glycosylase, catalytic domainMutM-like, N-terminalMutM-like, N-terminalSmall ribosomal subunit protein uS13-like, H2TH","Molecular Function/Molecular Function/Biological Process/Molecular FunctionMolecular Function/Molecular Function/Biological Process/Molecular FunctionMolecular Function/Cellular Component/Biological Process/Molecular FunctionMolecular Function/Molecular Function/Biological Process/Molecular FunctionMolecular Function"
"3","Peve_00009450","MMKLQLFFLVVLVHLLANPSEAQIPQCLPALATYLQNQTSLLQSVKNDLDATKKQLQQAIGQWPPGHYCILASGSCPPGFSRSQGHMRALKMYSHTPTYITPATFGSSRIQCHGPCGRYGQWVGELYIAACCK*","unnamed protein product [Porites evermanni]",4.2e-94,"100.00%",NA,"CAH3174218","","","","","noIPR","DNA breaking-rejoining enzyme, catalytic core",""
"4","Peve_00014920","MIRLVPLSRTLGRSGNSLRLLVSNRSASTLVIAEHDNKTVGPITLSAITAAKKLGGDISALVAGTSCGTVVEELSKVEGISKILVAEHEAYKGFLPEVLAPLIVGTQNQFNFSHITAGATAIGKNVLPRVAALLDVAPLQDVIEIKSDDTFVRTIYAGNAVTTCKSNDTVKVFTIRGTAFEAASASGGAAASESAPSAETGNDLSAWVGEELNVSDRPELTSAKVVVSGGRGLKNGENFELLYKLAEKMNAAVGASRAAVDAGFVPNDMQVGQTGKMVAPELYIAVGISGAIQHLAGMKDSKTIVAINKDPEAPIFQVADYGLVADLFKAVPEMTEKL*","unnamed protein product [Porites evermanni]",1.5e-227,"100.00%",NA,"CAH3183517","urogenital system developmentmitochondriongeneration of precursor metabolites and energyoxidative phosphorylationlipid metabolic processxenobiotic metabolic processopen tracheal system developmentMalpighian tubule morphogenesishead involutionelectron transfer activitypurine ribonucleoside monophosphate metabolic processphosphorylationoxidoreductase activitymitochondrial electron transfer flavoprotein complexelectron transport chainfatty acid beta-oxidation using acyl-CoA dehydrogenaseATP metabolic processectodermal digestive tract morphogenesisanatomical structure developmentflavin adenine dinucleotide bindingnucleobase-containing small molecule metabolic processcarbohydrate derivative metabolic processoxidoreductase complex","GO:0001655GO:0005739GO:0006091GO:0006119GO:0006629GO:0006805GO:0007424GO:0007443GO:0008258GO:0009055GO:0009167GO:0016310GO:0016491GO:0017133GO:0022900GO:0033539GO:0046034GO:0048567GO:0048856GO:0050660GO:0055086GO:1901135GO:1990204","EC:1EC:1","electron transfer activity/flavin adenine dinucleotide bindingelectron transfer activity/flavin adenine dinucleotide binding/electron transfer activity/flavin adenine dinucleotide binding/fatty acid beta-oxidation using acyl-CoA dehydrogenase/mitochondrion","noIPRnoIPRIPR014730IPR014729noIPRIPR001308IPR014730IPR014731noIPRIPR001308IPR018206IPR033947IPR029035noIPR","Concanavalin A-like lectin/glucanase domain superfamilyConcanavalin A-like lectin/glucanase domain superfamilyElectron transfer flavoprotein, alpha/beta-subunit, N-terminalRossmann-like alpha/beta/alpha sandwich foldRossmann-like alpha/beta/alpha sandwich foldElectron transfer flavoprotein alpha subunit/FixBElectron transfer flavoprotein, alpha/beta-subunit, N-terminalElectron transfer flavoprotein, alpha subunit, C-terminalElectron transfer flavoprotein, alpha subunit, C-terminalElectron transfer flavoprotein alpha subunit/FixBElectron transfer flavoprotein subunit alpha, conserved siteElectron transfer flavoprotein, alpha subunit, N-terminalDHS-like NAD/FAD-binding domain superfamilyDHS-like NAD/FAD-binding domain superfamily","Molecular Function/Molecular FunctionMolecular Function/Molecular Function/Molecular Function/Molecular Function/Biological Process/Cellular Component"
"5","Peve_00017221","MFLFLFRKIPHRDSYKLEDCDNRRKWVEKVTTKSLSNVGQWLDPQSSLGFHPTESLGGNIENLIGLAKIPLGVIGPLLIKGDHVNEHILCPFATTEGTLVASSTRGATAMTRSGGVSARVIQRRIMRTPHFVTDSMQQAQELSSWLISHFEELKSKASEVSQHCKLIGLEPWFVGRNLLMEFVYDSADAAGQNGVTVTTWHACQWALEQITQEQPHINIREFYIETKCSGDKGALAKNYIKGRGTEVQAEAYITESVLQNVLKVDSSTLYRCFHAFQMGAQRSGSYCLNICVSNTIAGISAATGQDLACVHESSWAVLEIAMEKEIKVAEAESSEKYEPGIYASLVIPTLLIGTVGGGTGTPTAKECLDMIGCFGKGRVYRFAEIIASFALAMELSTLSAIASGQFASAHERFGRNRPEYNEN*","unnamed protein product [Porites evermanni]",2.4e-308,"100.00%",NA,"CAH3186942","sulfur compound metabolic processoxidoreductase activitynucleobase-containing small molecule metabolic process","GO:0006790GO:0016491GO:0055086","EC:1.1.1.34EC:1.1EC:1EC:1.1.1.34EC:1.1.1EC:1.1EC:1EC:1.1.1.34EC:1.1.1","hydroxymethylglutaryl-CoA reductase (NADPH) activity/coenzyme A metabolic processhydroxymethylglutaryl-CoA reductase (NADPH) activityhydroxymethylglutaryl-CoA reductase (NADPH) activity/coenzyme A metabolic processhydroxymethylglutaryl-CoA reductase (NADPH) activity/coenzyme A metabolic processhydroxymethylglutaryl-CoA reductase (NADPH) activityhydroxymethylglutaryl-CoA reductase (NADPH) activity/coenzyme A metabolic processcoenzyme A metabolic process/oxidoreductase activity, acting on the CH-OH group of donors, NAD or NADP as acceptor","IPR002202IPR023074IPR009023IPR002202IPR002202IPR023076IPR002202IPR009023IPR009029","Hydroxymethylglutaryl-CoA reductase, class I/IIHydroxymethylglutaryl-CoA reductase, class I/II, catalytic domain superfamilyHydroxymethylglutaryl-CoA reductase, class I/II, NAD/NADP-binding domain superfamilyHydroxymethylglutaryl-CoA reductase, class I/IIHydroxymethylglutaryl-CoA reductase, class I/IIHydroxymethylglutaryl-CoA reductase, class I/II, conserved siteHydroxymethylglutaryl-CoA reductase, class I/IIHydroxymethylglutaryl-CoA reductase, class I/II, NAD/NADP-binding domain superfamilyHydroxymethylglutaryl-CoA reductase, class I/II, substrate-binding domain superfamily","Molecular Function/Biological ProcessMolecular FunctionMolecular Function/Biological ProcessMolecular Function/Biological ProcessMolecular FunctionMolecular Function/Biological ProcessBiological Process/Molecular Function"
"6","Peve_00018339","KVCKFLRERGLEDEVIEKVKEEKMNETAISLASDKSLKELGIVAKGDILSLRAFVNRKINDTESFDGVSREQRKRMLIEKLLDGRKKFGGSDSSSFKGKKTKVTKESVKQIKTRKVKLAWQHFNDDSRRYVMVREATGGGQREMSLPCDSDYSEVLSILTDLFFPNGKSSRGQVSEMELCLGSFKCEVIDKEGFTVGDYISVNKLTKPRLYLLSKAKSHAEDQENSTDSMDNDVLFRPVLSSTPVQDVHSPHVKDTCNLSDDEVVFKGHGFHEDEGSLLLGKTLVDVTEGDDVQHSFRVKEELPVSLLKTGDGGSIKCPVCRIDFTEIQSGSSLEPAGDEILEDVQNIFTRKMEALDKLCDQGESRNVKIDRANIVQDMLQLYKDKGVAEGLLNVNFCNEPALDMDGVKREAFTLFWEKVMPLYFDGTTTYVPRISPSIDESVYVTLGRILSHGFVMVGVFPTMINEVFFSILMAGNENVRDDDFLEGFLEFVSCYESLRLRQILEECGSHNLLDPSTNFLVDFLSDFGVTKMPNVNNLKAILVSVAKTELWNKAVMAANAMKQGLLEGVYRDLWLPASSELVSDLYRSLQVTTEKVLSLITVDETSAMTKGQEVVFTYLRKYVRTLNEKELPCFLHYVTGSSALSVTSMKVIFHAHVGNLPHITVHACSSVIDLPSGGYESFTDFRCQMDEVLKNAESWKFSLI*","unnamed protein product, partial [Porites evermanni]",0,"100.00%",NA,"CAH3188323","transferase activitycatalytic activity, acting on a protein","GO:0016740GO:0140096","EC:2.3EC:2EC:2.3.2EC:2.3EC:2EC:2.3.2","ubiquitin-protein transferase activityubiquitin-protein transferase activity","noIPRIPR000569IPR013761IPR035983","Immunoglobulin E-setHECT domainSterile alpha motif/pointed domain superfamilyHECT, E3 ligase catalytic domain","Molecular FunctionMolecular Function"
"7","Peve_00020682","MWKMFTVNNNTIYWDKIDKLVDDYNKARHSSIKMTPVEASKKKNESKVWSNLYGESIYLKPGKSKFAIGDRVRISKYKRKVFDKGYTPNWTEEIFVIDKVLPTKPVTYRIVDLMGEEIKGSFYNQELQKTKQQTFRIEKIIRRDNKKKMALVKWSGYPDKFNSWVSSKDLVDF*","unnamed protein product [Porites evermanni]",6.3e-122,"100.00%",NA,"CAH3190648","nucleic acid bindingDNA integration","GO:0003676GO:0015074","","","noIPRIPR023780noIPRIPR000953noIPRIPR016197","Sushi/SCR/CCP superfamilyChromo domainChromo domainChromo/chromo shadow domainChromo/chromo shadow domainChromo-like domain superfamily",""
"8","Peve_00022840","MGWDKESKPKEKKRKEAKTVSNGSHKGQKKKITHETSPATSDSESEGTERASTSQKKPKKKRTQETSYDTSYSESEGAERVSTPKKNPKKKITHETIYDISDSESEGTERASTPKKKPKKKRTNETSYHTIHPRKSQRRKEHMKLALTQVTVGVKVLSRLLNPKKGKKKNTRNWAAQYI*","unnamed protein product [Porites evermanni]",1.4e-49,"100.00%",NA,"CAH3024412","","","","","noIPR","Metallo-dependent phosphatase-like",""
"9","Peve_00023121","MQNPGPQRPSVEKVNVGTTWQPAALTVHYTPSTGRIHVTNGHLISKEVKMTVKSDTGAVYTITRKHGGALTFHIFTEMVALKRPRPIYHKS*","unnamed protein product [Porites evermanni]",2.7e-59,"100.00%",NA,"CAH3024514","","","","","","",""
"10","Peve_00023127","MAQPPDPYGGNLYEILKIWVPTHGVINVYRKPGQYHVDNGFLLKDPVSSYGIETLRILASHGSVIKITRDGSLPKVQNKYTITPPELAVDASTVNVKDW*","unnamed protein product [Porites evermanni]",4.8e-68,"100.00%",NA,"CAH3024519","","","","","","",""
"11","Peve_00029853","MLYFKVNGSSTCSHSKLKSFAWAKNSILKTKLSSVTRKCRKFVTMEVSAAPPKTADLLPQGTRITGYWMIGCAGMVIGSVVLGGVTRLTESGLSMVDWHLIKGMKPPRTQEEWEREFAKYQTYPEYKYANQGISLTEFKWIWYMEYAHRMWGRLVGAVFYLPAAYFWYKGYFNKGLKIRVGVFGALIMCQGLLGWYMVKSGLDEEKISKTEIPRVSQYRLAAHLSMAFLLYAGLVWCALCQFIPRPKYVMTPQLRRVRWFAHVCKGFVGFTAVSGAFVAGLDAGLVYNSFPKMADRWIPSDLFALEPKWKNFFENPTATQFVHRILGTTTVSSVAILFLLARPLTLPGRAHLALNCLLGVAAGQVRKLQK*","unnamed protein product [Porites evermanni]",1e-273,"100.00%",NA,"CAH3016469","cytochrome-c oxidase activitytransporter activitynucleusmitochondrionmitochondrial inner membranegeneration of precursor metabolites and energymitochondrial electron transport, cytochrome c to oxygenheme A biosynthetic processxenobiotic metabolic processrespiratory gaseous exchange by respiratory systemrespiratory chain complex IV assemblypurine ribonucleoside monophosphate metabolic processphosphorylationoxidoreductase activityoxidoreductase activity, acting on the CH-CH group of donorsoxidoreductase activity, acting on a heme group of donorsATP metabolic processtransmembrane transportnucleobase-containing small molecule metabolic processprotein-containing complex assemblycytochrome complexcarbohydrate derivative metabolic processproton transmembrane transport","GO:0004129GO:0005215GO:0005634GO:0005739GO:0005743GO:0006091GO:0006123GO:0006784GO:0006805GO:0007585GO:0008535GO:0009167GO:0016310GO:0016491GO:0016627GO:0016675GO:0046034GO:0055085GO:0055086GO:0065003GO:0070069GO:1901135GO:1902600","EC:1.6.2EC:1.6.2EC:1.3EC:1.6EC:1EC:1.9EC:7.1.1.9EC:7EC:1.6.2EC:1.3EC:1.6EC:1EC:1.9EC:7.1.1.9EC:7","membrane/heme A biosynthetic process/oxidoreductase activity, acting on NAD(P)H, heme protein as acceptorheme A biosynthetic process/membrane/oxidoreductase activity, acting on NAD(P)H, heme protein as acceptor/heme A biosynthetic process/mitochondrial inner membrane/oxidoreductase activity, acting on NAD(P)H, heme protein as acceptor","IPR003780IPR023754IPR009003","COX15/CtaA familyHeme A synthase, type 2Peptidase S1, PA clan","Cellular Component/Biological Process/Molecular FunctionBiological Process/Cellular Component/Molecular Function/Biological Process/Cellular Component/Molecular Function"
"12","Peve_00031540","MSLFLASVNLPPQLPTTTNYYVVSGEYLELPIEVSDPEGMPVIVTLIDGSPSGAAIHDNVLLWNATSEISTIFALKATDACQAYSLLNITVTLRSCQCKNNGSCVPHPNKPRGSGYYACDCIPGFTGDMCETDIDECQSFPCFRGYCLDGINNFTCVCDPGYVGWTCDTDYDDCTTSPCVYGNCTDLIADYRCNCNAGYGGKNCSIDIDECESSPCTRTCVDGVNSFTCVCEDGYGGYLCDFEINECQSSPCVHGTCLDKFNSFSCNCEVGFSGVRCEVNIDDCHQSPCGNGTCVDLVNNYTCNCNVGFTGANCELVIKNCTEDSCFPNVTCFKNSHTISCGPCPLGFTGDGKNCKDIHDCMNHTCANGGLCVDGVYSYPCNCSAGYIGKRCLINIDDCVNHTCANGGLCVDGVNSYSCNCSAGYTGERCLTDIDDCVNHTCANGGLCVDGINTYTCNCSAGYTGVRCLTDIDDCVNHTCANGGLCVDGVNSYSCNCSAGYTGERCLTGRS","unnamed protein product, partial [Porites evermanni]",1.3e-152,"100.00%",NA,"CAH3195989","plasma membranecell adhesionestablishment or maintenance of cell polarity","GO:0005886GO:0007155GO:0007163","","calcium ion bindingplasma membrane/heterophilic cell-cell adhesion/protein-containing complex/establishment or maintenance of epithelial cell apical/basal polaritycalcium ion bindingcalcium ion bindingcalcium ion bindingcalcium ion binding","noIPRnoIPRnoIPRnoIPRnoIPRnoIPRnoIPRnoIPRnoIPRnoIPRIPR000742IPR001881noIPRnoIPRIPR013032noIPRIPR000742noIPRnoIPRnoIPRnoIPRnoIPRnoIPRIPR051022IPR000152IPR000742IPR000742IPR000152IPR000742IPR018097IPR000152IPR000742IPR000742IPR000742IPR000152IPR018097IPR000742IPR000742IPR000742IPR000742IPR018097IPR000742IPR000742IPR000152IPR000742IPR000152IPR018097IPR000742IPR000742IPR000152IPR000152IPR000742IPR000742IPR000742IPR000152IPR000742IPR000742IPR000742IPR000742IPR000742IPR000742IPR000742IPR000742IPR000742IPR000742IPR000742IPR000742noIPRnoIPRnoIPRnoIPRnoIPRnoIPRnoIPRnoIPRnoIPRIPR009030noIPRIPR009030noIPR","EGF-like domainEGF-like domainEGF-like domainEGF-like domainEGF-like domainEGF-like domainEGF-like domainEGF-like domainEGF-like domainEGF-like domainEGF-like domainEGF-like calcium-binding domainEGF-like calcium-binding domainEGF-like calcium-binding domainEGF-like, conserved siteEGF-like, conserved siteEGF-like domainEGF-like domainEGF-like domainEGF-like domainEGF-like domainEGF-like domainEGF-like domainNotch Signaling and Cell Fate DeterminationEGF-type aspartate/asparagine hydroxylation siteEGF-like domainEGF-like domainEGF-type aspartate/asparagine hydroxylation siteEGF-like domainEGF-like calcium-binding, conserved siteEGF-type aspartate/asparagine hydroxylation siteEGF-like domainEGF-like domainEGF-like domainEGF-type aspartate/asparagine hydroxylation siteEGF-like calcium-binding, conserved siteEGF-like domainEGF-like domainEGF-like domainEGF-like domainEGF-like calcium-binding, conserved siteEGF-like domainEGF-like domainEGF-type aspartate/asparagine hydroxylation siteEGF-like domainEGF-type aspartate/asparagine hydroxylation siteEGF-like calcium-binding, conserved siteEGF-like domainEGF-like domainEGF-type aspartate/asparagine hydroxylation siteEGF-type aspartate/asparagine hydroxylation siteEGF-like domainEGF-like domainEGF-like domainEGF-type aspartate/asparagine hydroxylation siteEGF-like domainEGF-like domainEGF-like domainEGF-like domainEGF-like domainEGF-like domainEGF-like domainEGF-like domainEGF-like domainEGF-like domainEGF-like domainEGF-like domainEGF-like domainEGF-like domainEGF-like domainEGF-like domainEGF-like domainEGF-like domainEGF-like domainEGF-like domainEGF-like domainGrowth factor receptor cysteine-rich domain superfamilyGrowth factor receptor cysteine-rich domain superfamilyGrowth factor receptor cysteine-rich domain superfamilyGrowth factor receptor cysteine-rich domain superfamily","Molecular FunctionCellular Component/Biological Process/Cellular Component/Biological ProcessMolecular FunctionMolecular FunctionMolecular FunctionMolecular Function"
"13","Peve_00037314","IGDPTPTENIKYPCVVKASKGEDSKSVRLVKDKQSLDAAVKHALTYSNQVIIERFIEGREIRCAVVKSEKTGDIQALSCMEYNVRQDDIRKTEDKYFCNEKGLPISKPPNAKTWFLDPAEEADLINRIQQQSRRVFQELDLQDFGLFDFRVDLEGNPFFLECNLFCSFGSQSVLNVIAKNSGFTDESLFDLMVQNALLRKEKIY*","unnamed protein product, partial [Porites evermanni]",1.8e-143,"100.00%",NA,"CAH3198885","ligase activity","GO:0016874","EC:6.3.2.4EC:6.3EC:6.3.2EC:6EC:6.3.2.4EC:6.3EC:6.3.2EC:6","ATP bindingD-alanine-D-alanine ligase activityD-alanine-D-alanine ligase activitymetal ion binding/ATP binding","IPR013815IPR011095noIPRnoIPRnoIPRnoIPRIPR011761noIPR","ATP-grasp fold, subdomain 1D-alanine--D-alanine ligase, C-terminalD-alanine--D-alanine ligase, C-terminalD-alanine--D-alanine ligase, C-terminalD-alanine--D-alanine ligase, C-terminalD-alanine--D-alanine ligase, C-terminalATP-grasp foldATP-grasp fold","Molecular FunctionMolecular FunctionMolecular FunctionMolecular Function/Molecular Function"
"14","Peve_00040818","MWSPWGSWSQCSKTCEHGTRKRTRLCNHPEPAFNGTFCAGIGHETQNCSGLPACPINGMWGSWSSWSACSKTCGQGTRERKRLCDNPKPDFSGNKCLGSDIQKENCSALLSCPTPIDGMWSPWGSWSQCSKTCEHGTRKRTRLCNHPEPAFNGTFCAGIGHETQNCSGLPACPINGMWGSWSSWSACSKTCGQGTRERKRLCDNPKPDFSGNKCLGSDIQKENCSALLSCP","unnamed protein product, partial [Porites evermanni]",2.6e-179,"100.00%",NA,"CAH3044521","cell periphery","GO:0071944","","cell periphery","noIPRnoIPRnoIPRnoIPRnoIPRIPR000884IPR036383IPR036383IPR000884noIPRIPR038877IPR000884IPR000884IPR000884IPR000884IPR036383IPR036383IPR036383IPR036383","EGF-like domainEGF-like domainEGF-like domainEGF-like domainEGF-like domainThrombospondin type-1 (TSP1) repeatThrombospondin type-1 (TSP1) repeat superfamilyThrombospondin type-1 (TSP1) repeat superfamilyThrombospondin type-1 (TSP1) repeatThrombospondin type-1 (TSP1) repeatThrombospondin type-1 domain-containing protein 1Thrombospondin type-1 (TSP1) repeatThrombospondin type-1 (TSP1) repeatThrombospondin type-1 (TSP1) repeatThrombospondin type-1 (TSP1) repeatThrombospondin type-1 (TSP1) repeat superfamilyThrombospondin type-1 (TSP1) repeat superfamilyThrombospondin type-1 (TSP1) repeat superfamilyThrombospondin type-1 (TSP1) repeat superfamily","Cellular Component"
"15","Peve_00041288","RPQCPTVINISTNGEPGVPGLNGTDGAKGDQGSVGPPGDKGPVGPQGNKGLRGQSGAPGKMGPKGAKGEQGSQGLQRNWKQCAWNRIDDGKDSGLIKDCVFHKHADSTALKVEYNGDIRIAGCLGCCSRWFFTFNGVECRRPLAIDGLMHIASNHGRTDTNIHKVTQIGGYCKGIPKGTVRVGINVGSCVGTKAADAFTGWNSVTRIMIEEVPPSQ*","unnamed protein product, partial [Porites evermanni]",6.8e-113,"100.00%",NA,"CAH3046526","","","","","IPR008160noIPRnoIPR","Collagen triple helix repeatCollagen triple helix repeatCollagen triple helix repeat",""
"16","Peve_00043511","MVLDGSIKFPKEPSDIARKVFADPIVSDFLIRSSRLAVFSKELAKSFRGDLDALAVIKQLKFFYNLPTVAVLQQFAKLVARSMTTVSFHRTDNVEATNKWNSIIEKIAACGLGSMTFRVLLQEIEGPVTIDLLRLMELLRLGSLSLTTTIKIVNGVLNPANHELRNIYQALGRCVAVVDDKVEKLYGNALQAYFDRYNIELCKLVFSGNEANKDVSTVENILVSLKRKRVSRNEPVLVIGGGVISDVAGFATALYHRNTPYVMLCTSIVSGIDAGPSPRTCCDGFGFKNLYGAYHPPVLTLTDRSFFRTLHHGWLRHGIAEIVKMAAVKDESLFNLLEKGSSALVWTKFGTEMEDFNGDHTEFGKLCDSIIGKALESYVISEYGNLWETHQCRPHAFGHTWSPGYELPAGMLHGHAVSTGMGFGAYLSFCEGWTTRAELDRILTLLSDLELSLWHPIMQDVQRIYGSQEKMIEKRGGNLAAPVPKGIGKCGYINHLPYELLVMRLQEYLKICQGYPRGGLGVEAHCRDVGLEDPTEGSVNQALPEVLNGYENGYHDDTKDKDLPIHDILVSNGHPELHDGYEKDFQPGEKRKELSYSEWIEAVQKKRTKNIPSHVAFEQAEDTPKPPVFKPNELCHPGVEDYAIKMTQIPSLDIQKIALATEDQEMFTPCMVGQLEAQFLKMMAQLANAKRVLDVGTFTGMSAMAFAEGLPSDGEVVTIEFDPKIASVADQLFRSSSQAHKLTLKVGDAVSVMHELNSADEKFDIVFLDASKDQYTSYYKIALDMLTPSGFIMADNSLCALLYDEDDSRRQALHEFNQMIKNDKRVEQLVVPFREGVSIIRPKQYL*","unnamed protein product [Porites evermanni]",0,"100.00%",NA,"CAH3145443","transferase activitylyase activity","GO:0016740GO:0016829","EC:4EC:2.1.1EC:2.1EC:4.2EC:4.2.3.4EC:2EC:4EC:2.1.1EC:4.2.3EC:2.1EC:4.2EC:4.2.3.4EC:2EC:4EC:2.1.1EC:4.2.3","O-methyltransferase activity3-dehydroquinate synthase activityO-methyltransferase activityantibiotic biosynthetic process","noIPRnoIPRIPR002935IPR029063IPR030960IPR056179noIPRnoIPRnoIPRnoIPRIPR050071IPR002935noIPRIPR035872IPR029063noIPR","Fibronectin type III superfamilyFibronectin type III superfamilyClass I-like SAM-dependent O-methyltransferaseS-adenosyl-L-methionine-dependent methyltransferase superfamily3-dehydroquinate synthase, N-terminal domain3-dehydroquinate synthase, C-terminal domain3-dehydroquinate synthase, C-terminal domain3-dehydroquinate synthase, C-terminal domain3-dehydroquinate synthase, C-terminal domain3-dehydroquinate synthase, C-terminal domainDehydroquinate SynthaseClass I-like SAM-dependent O-methyltransferaseClass I-like SAM-dependent O-methyltransferase2-epi-5-epi-valiolone synthase-likeS-adenosyl-L-methionine-dependent methyltransferase superfamilyS-adenosyl-L-methionine-dependent methyltransferase superfamily","Molecular FunctionMolecular FunctionMolecular FunctionBiological Process"
"17","Peve_00044775","MEITAALQHIKSVIKPDQALIHFPCLKGITTYRALFEALDIPLIGGSAESRYLSMDKLETRGVLLANNNVSCVQGLILNRGDPIPTENIKYPCVVKASKGEDSKSVRLVKDKQSLDAAIKHALTYSNQVIIERFIEGREIRCAVVKSEKTGDVQALSCMEYNVRQDDIRKTEDKLFCNENGLPISKPPNAKTWFLDPAEEDDLINRIQQQSRRVFQELDLQDFGLFDFRVDLEGNPFFLECNLFCSFGSQSVLNVIAKNSGFTDGSLFDLMVQNALLRKEKIY*","unnamed protein product [Porites evermanni]",5e-203,"100.00%",NA,"CAH3148900","ligase activity","GO:0016874","EC:6.3.2.4EC:6.3EC:6.3.2EC:6EC:6.3.2.4EC:6.3EC:6.3.2EC:6","D-alanine-D-alanine ligase activityATP bindingD-alanine-D-alanine ligase activitymetal ion binding/ATP binding","IPR011095noIPRIPR013815noIPRnoIPRnoIPRIPR011761noIPR","D-alanine--D-alanine ligase, C-terminalD-alanine--D-alanine ligase, C-terminalATP-grasp fold, subdomain 1ATP-grasp fold, subdomain 1ATP-grasp fold, subdomain 1ATP-grasp fold, subdomain 1ATP-grasp foldATP-grasp fold","Molecular FunctionMolecular FunctionMolecular FunctionMolecular Function/Molecular Function"
"18","Peve_00045313","MAWKKLYTCSSSSSQQTKSTNSANEASEPDLRGYMVFQTRETTSNQLNSSGEVLKEILTYPTLEPKGPPKRKNLKRTLPNFVSGPEAMQLLLDEKLKKARQLAEKQKKMRDKEAKKEEKRKRIEEEKVRKQLGREEKKKKQKANKNTSNERTRKTGKVTKRSQTPRAKGKQWRQQQCTESTSSAVTNEEDDICNICLQEYFLSDVENNPWVQCGSCKSWMHICWIPIGLDVGNKPFVCHQCIMHIIVIENAVIKGYHEFQIRPPPALLLPVTKEYGNRHDPHACLVWVPEI*","unnamed protein product [Porites evermanni]",4.6e-178,"100.00%",NA,"CAH3150651","","","","","noIPRIPR013083noIPRIPR011011","Ricin B-like lectinsZinc finger, RING/FYVE/PHD-typeZinc finger, RING/FYVE/PHD-typeZinc finger, FYVE/PHD-type",""
